,tournament_name,round,surface_in_out,type_tournament,winner_ratio,looser_ratio,winner_surface_ratio,looser_surface_ratio,year,start_date,surface,aces_0,double_fautes_0,first_serve_0,first_serve_points_won_0,second_serve_points_won_0,break_point_faced_0,break_point_saved_0,service_games_played_0,service_games_won_0,total_services_points_won_0,total_points_won_0,weight_0,age_0,plays_0,points_0,tour_cell_0,point_dropping_0,next_best_0,ranking_0,overall_match_record_0,grand_slams_match_record_0,master1000_match_record_0,tie_break_pressure_point_0,versus_top10_pressure_point_0,finals_pressure_points_0,deciding_3rd_set_pressure_point_0,set_5_pressure_point_0,clay_environment_0,grass_environment_0,hard_environment_0,indoor_environment_0,outdoor_environment_0,afterwinning_1st_set_0,after_loosing_1st_set_0,vs_right_handers_0,vs_left_handers_0,overall_title_0,grandslams_title_0,master_1000_title_0,clay_title_0,grass_title_0,hard_title_0,indoor_title_0,outdoor_title_0,aces_1,double_fautes_1,first_serve_1,first_serve_points_won_1,second_serve_points_won_1,break_point_faced_1,break_point_saved_1,service_games_played_1,total_points_won_1,weight_1,age_1,plays_1,points_1,tour_cell_1,point_dropping_1,next_best_1,ranking_1,overall_match_record_1,grand_slams_match_record_1,master1000_match_record_1,tie_break_pressure_point_1,versus_top10_pressure_point_1,finals_pressure_points_1,deciding_3rd_set_pressure_point_1,set_5_pressure_point_1,clay_environment_1,grass_environment_1,hard_environment_1,indoor_environment_1,outdoor_environment_1,afterwinning_1st_set_1,after_loosing_1st_set_1,vs_right_handers_1,vs_left_handers_1,overall_title_1,grandslams_title_1,master_1000_title_1,clay_title_1,grass_title_1,hard_title_1,indoor_title_1,outdoor_title_1,Y
69173,London,Round of 16,Outdoor Grass,grandslam,1.0,0.0,0.0,0.0,2017,2017-07-03,grass,92,33,63%,78%,55%,53,72%,109,86%,70%,54%,179,(1991.05.16),"Right-Handed, One-Handed Backhand","5,150",23,0,0,3,0.602,0.612,0.575,0.531,0.29100000000000004,0.5329999999999999,0.584,0.556,0.575,0.574,0.613,0.64,0.591,0.833,0.29600000000000004,0.599,0.597,8,0,1,1,1,6,3,5,126,16,67%,82%,62%,34,74%,159,56%,187,(1981.08.08),"Right-Handed, One-Handed Backhand","9,605",17,0,0,2,0.821,0.86,0.779,0.653,0.6459999999999999,0.66,0.649,0.5820000000000001,0.7609999999999999,0.8740000000000001,0.835,0.81,0.8240000000000001,0.9329999999999999,0.42200000000000004,0.826,0.777,103,20,28,11,19,71,26,77,1
42170,Delray Beach,2nd Round Qualifying,Outdoor Hard,250,0.3333333333333333,0.6666666666666666,0.5,0.5,2018,2018-02-19,hard,108,78,64%,74%,49%,128,66%,242,82%,65%,51%,181,(1995.08.23),"Left-Handed, Two-Handed Backhand",627,22,0,0,90,0.46,0.28600000000000003,0.35700000000000004,0.395,0.111,0.0,0.414,0.25,0.455,0.35700000000000004,0.484,0.33299999999999996,0.473,0.8079999999999999,0.083,0.447,0.5,0,0,0,0,0,0,0,0,5,7,58%,63%,41%,11,27%,19,47%,172,(1994.01.04),"Left-Handed, Two-Handed Backhand",144,22,0,0,273,0.308,0.25,0.5,0.25,0.0,0.0,0.5,1.0,0.0,0.14300000000000002,0.6,0.667,0.2,0.667,0.2,0.3,0.33299999999999996,0,0,0,0,0,0,0,0,0
43968,Paris,Round of 32,Outdoor Clay,grandslam,0.3333333333333333,0.6666666666666666,1.0,0.0,2012,2012-05-27,clay,87,65,65%,74%,54%,156,71%,356,87%,67%,55%,161,(1982.04.02),"Right-Handed, Two-Handed Backhand","6,505",25,0,0,5,0.6609999999999999,0.6970000000000001,0.608,0.517,0.305,0.519,0.634,0.622,0.7040000000000001,0.629,0.635,0.602,0.672,0.8909999999999999,0.3,0.6679999999999999,0.607,27,0,1,13,2,12,5,22,52,30,64%,69%,48%,77,53%,145,50%,160,(1982.06.25),"Right-Handed, One-Handed Backhand","1,335",25,0,0,25,0.545,0.598,0.418,0.514,0.261,0.47600000000000003,0.515,0.5379999999999999,0.511,0.57,0.5489999999999999,0.607,0.524,0.8140000000000001,0.23,0.5489999999999999,0.509,10,0,0,3,0,6,6,4,0
39579,Brisbane,3rd Round Qualifying,Outdoor Hard,250,0.0,1.0,0.0,1.0,2009,2009-01-04,hard,11,9,53%,64%,51%,22,64%,27,70%,58%,45%,175,(1980.02.29),"Right-Handed, Unknown Backhand",220,24,0,0,213,0.273,0.0,0.0,0.2,0.0,0.0,0.0,0.0,0.0,0.0,0.33299999999999996,0.0,0.3,0.75,0.0,0.3,0.0,0,0,0,0,0,0,0,0,605,102,67%,75%,57%,206,69%,562,50%,238,(1985.04.26),"Right-Handed, Two-Handed Backhand","1,067",22,0,0,34,0.615,0.629,0.6,0.607,0.27699999999999997,0.536,0.568,0.36700000000000005,0.5429999999999999,0.6709999999999999,0.625,0.518,0.633,0.8390000000000001,0.297,0.611,0.638,15,0,1,1,4,10,0,15,0
55368,Miami,Round of 64,Outdoor Hard,1000,0.0,0.0,0.0,0.0,2014,2014-03-19,hard,126,71,61%,68%,53%,176,56%,334,77%,62%,50%,174,(1988.06.29),"Left-Handed, Two-Handed Backhand",898,32,0,0,44,0.45799999999999996,0.42,0.414,0.436,0.11900000000000001,0.111,0.478,0.727,0.264,0.59,0.456,0.415,0.47100000000000003,0.772,0.21,0.45,0.521,1,0,0,0,1,0,0,1,348,82,60%,78%,55%,176,72%,408,52%,205,(1985.04.17),"Right-Handed, Two-Handed Backhand","2,740",20,175,20,12,0.675,0.7290000000000001,0.611,0.583,0.33799999999999997,0.6,0.626,0.593,0.638,0.6890000000000001,0.6829999999999999,0.701,0.664,0.8809999999999999,0.33799999999999997,0.664,0.747,18,0,2,1,0,17,13,5,1
48017,Barcelona,Round of 32,Outdoor Clay,200,0.0,0.0,0.0,0.0,1999,1999-04-12,clay,70,63,64%,66%,52%,253,62%,378,75%,61%,51%,156,(1968.10.24),"Left-Handed, Unknown Backhand",986,29,0,0,38,0.5329999999999999,0.47600000000000003,0.46,0.5,0.27399999999999997,0.5329999999999999,0.502,0.5379999999999999,0.5760000000000001,0.5,0.473,0.271,0.551,0.833,0.231,0.541,0.486,8,0,0,7,0,1,0,8,121,138,53%,71%,49%,232,59%,375,50%,170,(1978.02.28),"Right-Handed, One-Handed Backhand","1,258",31,0,0,28,0.48700000000000004,0.4,0.452,0.479,0.37200000000000005,0.375,0.504,0.231,0.5539999999999999,0.0,0.38299999999999995,0.3,0.501,0.7829999999999999,0.203,0.478,0.5379999999999999,3,0,0,3,0,0,0,3,0
12214,London,Round of 32,Outdoor Grass,grandslam,0.6666666666666666,0.3333333333333333,0.0,0.0,1999,1999-06-21,grass,121,62,58%,86%,55%,31,65%,142,92%,73%,55%,200,(1973.09.06),"Left-Handed, Unknown Backhand","1,802",23,0,0,14,0.603,0.534,0.45899999999999996,0.5539999999999999,0.266,0.556,0.568,0.385,0.37,0.705,0.5920000000000001,0.672,0.568,0.83,0.27,0.584,0.7120000000000001,15,0,1,0,5,7,7,8,32,23,57%,78%,43%,39,67%,71,50%,196,(1976.05.30),"Right-Handed, Two-Handed Backhand","1,748",27,0,0,15,0.58,0.586,0.469,0.5479999999999999,0.261,0.667,0.5329999999999999,0.529,0.602,0.467,0.579,0.494,0.601,0.852,0.228,0.5820000000000001,0.557,12,0,1,7,0,5,0,12,0
24439,Lyon,Round of 32,Outdoor Clay,250,0.0,0.0,0.0,0.0,2018,2018-05-20,clay,8,8,66%,50%,45%,27,41%,29,45%,49%,46%,176,(1994.02.16),"Right-Handed, Two-Handed Backhand",322,22,0,0,163,0.31,0.364,0.0,0.526,0.0,0.0,0.375,0.5,0.2,0.33299999999999996,0.33299999999999996,0.35700000000000004,0.267,0.625,0.19,0.292,0.4,0,0,0,0,0,0,0,0,25,12,62%,66%,53%,89,69%,120,49%,159,(1987.12.26),"Right-Handed, Two-Handed Backhand",935,24,0,0,53,0.44,0.41700000000000004,0.4,0.46799999999999997,0.1,0.25,0.419,0.5,0.376,0.405,0.47200000000000003,0.561,0.379,0.77,0.141,0.45,0.375,1,0,0,0,0,1,1,0,1
74393,Metz,Round of 32,Indoor Hard,250,0.0,0.0,0.0,0.0,2012,2012-09-17,hard,106,26,60%,76%,48%,66,58%,148,81%,65%,49%,187,(1987.08.18),"Right-Handed, One-Handed Backhand",712,23,0,0,68,0.35700000000000004,0.23800000000000002,0.33299999999999996,0.397,0.091,0.0,0.298,0.25,0.303,0.435,0.35700000000000004,0.48,0.289,0.6459999999999999,0.107,0.348,0.4,0,0,0,0,0,0,0,0,4,7,48%,67%,48%,13,54%,18,46%,165,(1986.01.30),"Left-Handed, Two-Handed Backhand",229,22,0,0,210,0.267,0.16699999999999998,0.2,0.3,0.0,0.0,0.28600000000000003,0.25,0.0,0.0,0.308,0.231,0.294,0.5,0.111,0.24,0.4,0,0,0,0,0,0,0,0,1
19392,Paris,Round of 128,Outdoor Clay,grandslam,1.0,0.0,0.0,0.0,1995,1995-05-29,clay,32,10,62%,74%,54%,30,63%,54,80%,66%,51%,194,(1973.04.17),"Left-Handed, Unknown Backhand",0,0,0,0,72,0.48,0.324,0.345,0.514,0.085,0.429,0.517,0.35,0.298,0.456,0.505,0.503,0.47,0.789,0.187,0.473,0.506,3,0,0,0,0,3,1,2,11,5,67%,67%,45%,19,32%,40,44%,190,(1968.05.10),"Right-Handed, Unknown Backhand",0,0,0,0,321,0.39399999999999996,0.261,0.308,0.514,0.067,0.5,0.38799999999999996,0.2,0.222,0.313,0.446,0.33299999999999996,0.41200000000000003,0.684,0.14300000000000002,0.385,0.444,1,0,0,0,0,1,0,1,0
54915,Washington,Round of 64,Outdoor Hard,200,0.0,0.0,0.0,0.0,2005,2005-08-01,hard,80,30,55%,71%,47%,73,53%,114,70%,60%,48%,160,(1979.02.04),"Right-Handed, Unknown Backhand",270,27,0,0,154,0.35600000000000004,0.231,0.385,0.35,0.2,0.0,0.25,0.0,0.14300000000000002,0.375,0.373,0.429,0.342,0.853,0.054000000000000006,0.34600000000000003,0.444,0,0,0,0,0,0,0,0,88,89,53%,69%,51%,163,53%,263,51%,182,(1972.03.23),"Right-Handed, Two-Handed Backhand",588,24,0,0,62,0.534,0.6,0.429,0.49200000000000005,0.218,0.545,0.504,0.69,0.36,0.648,0.535,0.5379999999999999,0.532,0.8190000000000001,0.19899999999999998,0.516,0.635,6,0,0,0,2,3,2,4,1
56898,Dusseldorf,Qualification,Outdoor Clay,200,1.0,0.0,0.0,0.0,2000,2000-05-21,clay,82,67,54%,72%,46%,117,62%,176,75%,60%,53%,193,(1974.03.04),"Right-Handed, Two-Handed Backhand",555,22,0,0,73,0.546,0.5,0.425,0.508,0.397,0.5,0.555,0.545,0.475,0.597,0.55,0.581,0.531,0.85,0.214,0.539,0.575,6,0,0,0,1,3,3,3,44,55,52%,66%,49%,130,58%,175,48%,163,(1976.04.25),"Right-Handed, Two-Handed Backhand",835,29,0,0,45,0.49200000000000005,0.46799999999999997,0.42700000000000005,0.48,0.32799999999999996,0.33299999999999996,0.46,0.5329999999999999,0.405,0.55,0.522,0.47100000000000003,0.498,0.807,0.146,0.49700000000000005,0.465,4,0,0,0,0,3,1,3,0
14408,Beijing,Round of 16,Outdoor Hard,500,0.0,0.0,0.0,0.0,2015,2015-10-05,hard,118,99,53%,73%,50%,126,62%,227,79%,62%,47%,196,(1987.03.22),"Right-Handed, Two-Handed Backhand",775,29,0,0,63,0.363,0.26899999999999996,0.33299999999999996,0.41,0.0,0.0,0.45899999999999996,0.5,0.387,0.28600000000000003,0.354,0.44,0.34299999999999997,0.7120000000000001,0.111,0.33299999999999996,0.5329999999999999,0,0,0,0,0,0,0,0,205,149,59%,75%,52%,167,59%,388,51%,195,(1992.09.24),"Right-Handed, Two-Handed Backhand","1,465",21,0,0,26,0.5539999999999999,0.5,0.545,0.5529999999999999,0.273,0.429,0.515,0.444,0.5820000000000001,0.522,0.55,0.613,0.5379999999999999,0.8009999999999999,0.21600000000000003,0.535,0.667,4,0,1,1,0,3,1,3,1
26767,Umag,Round of 32,Outdoor Clay,250,0.0,0.0,0.0,0.0,2016,2016-07-18,clay,34,22,62%,71%,50%,48,63%,86,79%,63%,48%,172,(1984.02.21),"Right-Handed, Two-Handed Backhand",655,23,0,0,87,0.485,0.496,0.418,0.45799999999999996,0.10800000000000001,0.3,0.537,0.512,0.494,0.5660000000000001,0.46299999999999997,0.47100000000000003,0.488,0.821,0.212,0.475,0.518,3,0,0,1,1,1,1,2,133,56,62%,71%,50%,197,56%,363,52%,172,(1991.07.12),"Right-Handed, Two-Handed Backhand","1,370",28,0,0,30,0.528,0.569,0.456,0.503,0.11800000000000001,0.5710000000000001,0.46399999999999997,0.308,0.529,0.2,0.546,0.47100000000000003,0.5379999999999999,0.785,0.17600000000000002,0.519,0.5770000000000001,4,0,0,1,0,3,1,3,1
39281,Hamburg,Round of 64,Outdoor Clay,1000,0.0,0.0,0.0,0.0,1995,1995-05-08,clay,58,102,59%,69%,49%,217,55%,386,75%,61%,51%,185,(1973.07.30),"Right-Handed, Unknown Backhand",0,0,0,0,22,0.48700000000000004,0.4,0.457,0.507,0.267,0.33299999999999996,0.536,0.462,0.5539999999999999,0.1,0.375,0.326,0.504,0.797,0.21,0.47600000000000003,0.5379999999999999,3,0,0,3,0,0,0,3,39,34,69%,60%,51%,225,55%,310,49%,145,(1967.08.04),"Right-Handed, Unknown Backhand",0,0,0,0,101,0.494,0.39399999999999996,0.265,0.547,0.045,0.5,0.41100000000000003,0.1,0.54,0.0,0.345,0.207,0.512,0.7659999999999999,0.14400000000000002,0.506,0.429,5,0,0,5,0,0,0,5,0
16118,Cincinnati,Round of 64,Outdoor Hard,1000,0.0,0.0,0.0,0.0,1998,1998-08-10,hard,128,94,64%,71%,48%,165,68%,274,81%,63%,50%,170,(1973.09.09),"Left-Handed, Unknown Backhand",883,25,0,0,47,0.502,0.435,0.47100000000000003,0.536,0.303,0.5,0.46399999999999997,0.5710000000000001,0.44,0.484,0.552,0.435,0.515,0.7490000000000001,0.158,0.475,0.625,2,0,0,0,0,2,0,2,165,72,58%,71%,49%,218,61%,321,50%,155,(1976.04.03),"Right-Handed, Unknown Backhand",989,21,0,0,37,0.5710000000000001,0.607,0.47200000000000003,0.603,0.377,0.667,0.5670000000000001,0.769,0.415,0.639,0.623,0.61,0.551,0.8079999999999999,0.276,0.584,0.5,4,0,0,0,0,4,3,1,0
36817,Cincinnati,2nd Round Qualifying,Outdoor Hard,1000,0.0,1.0,0.0,1.0,2018,2018-08-12,hard,17,39,68%,62%,52%,135,56%,199,70%,59%,49%,141,(1995.09.27),"Left-Handed, Two-Handed Backhand",701,23,0,0,75,0.488,0.33299999999999996,0.591,0.5760000000000001,0.16699999999999998,0.5,0.525,0.5,0.2,0.0,0.532,0.43799999999999994,0.495,0.77,0.21,0.495,0.43799999999999994,1,0,0,0,0,1,0,1,72,56,57%,74%,47%,110,52%,211,48%,159,(1988.09.18),"Right-Handed, Two-Handed Backhand",370,27,0,0,145,0.39399999999999996,0.25,0.278,0.40299999999999997,0.222,1.0,0.42200000000000004,0.33299999999999996,0.188,0.5,0.391,0.375,0.39799999999999996,0.7240000000000001,0.135,0.39399999999999996,0.391,1,0,0,0,1,0,0,1,0
36657,Long Island,Finals,Outdoor Hard,200,0.0,0.0,0.0,0.0,1995,1995-08-21,hard,158,104,58%,74%,53%,181,64%,360,82%,65%,51%,162,(1970.04.14),"Left-Handed, Unknown Backhand",0,0,0,0,21,0.501,0.43799999999999994,0.45399999999999996,0.517,0.304,0.33299999999999996,0.506,0.444,0.375,0.467,0.514,0.5660000000000001,0.46399999999999997,0.777,0.213,0.507,0.474,4,0,0,0,1,2,2,2,127,79,57%,75%,50%,142,63%,315,53%,185,(1974.02.18),"Right-Handed, Two-Handed Backhand",0,0,0,0,6,0.6659999999999999,0.733,0.603,0.56,0.40700000000000003,0.565,0.66,0.645,0.578,0.6970000000000001,0.675,0.688,0.652,0.888,0.324,0.6629999999999999,0.679,26,2,0,3,3,9,12,14,1
25495,Amsterdam,Round of 32,Outdoor Clay,200,0.0,0.0,0.0,0.0,1999,1999-08-02,clay,114,74,47%,72%,50%,161,65%,225,75%,60%,48%,165,(1969.12.18),"Right-Handed, Unknown Backhand",409,33,0,0,110,0.28600000000000003,0.125,0.0,0.455,0.33299999999999996,0.0,0.368,0.33299999999999996,0.341,0.0,0.14300000000000002,0.28600000000000003,0.28600000000000003,0.667,0.105,0.306,0.14300000000000002,0,0,0,0,0,0,0,0,117,48,63%,69%,49%,251,67%,362,52%,190,(1976.08.13),"Right-Handed, Two-Handed Backhand","2,284",23,0,0,8,0.518,0.47200000000000003,0.504,0.527,0.196,0.41700000000000004,0.578,0.644,0.562,0.36700000000000005,0.48200000000000004,0.444,0.529,0.8140000000000001,0.255,0.524,0.47100000000000003,5,0,0,3,0,1,1,4,1
55794,Dusseldorf,Qualification,Outdoor Clay,200,0.5,0.5,0.0,1.0,2007,2007-05-20,clay,62,35,64%,70%,47%,119,62%,191,76%,62%,51%,180,(1980.07.29),"Right-Handed, One-Handed Backhand","2,005",19,0,0,7,0.647,0.649,0.562,0.595,0.35100000000000003,0.47600000000000003,0.5870000000000001,0.517,0.7020000000000001,0.622,0.61,0.565,0.6609999999999999,0.863,0.303,0.652,0.6,11,0,0,8,0,2,1,10,77,124,57%,69%,50%,244,61%,389,51%,165,(1979.08.30),"Right-Handed, Two-Handed Backhand","1,425",21,0,0,20,0.541,0.523,0.45299999999999996,0.48100000000000004,0.24600000000000002,0.5,0.5379999999999999,0.43799999999999994,0.595,0.267,0.498,0.34700000000000003,0.5579999999999999,0.8390000000000001,0.249,0.547,0.488,6,0,0,6,0,0,0,6,1
71041,Indian Wells,Round of 64,Outdoor Hard,1000,1.0,0.0,0.0,0.0,2017,2017-03-09,hard,138,97,57%,70%,52%,207,60%,358,77%,62%,49%,172,(1981.12.15),"Right-Handed, Two-Handed Backhand","1,095",34,0,0,43,0.377,0.304,0.3,0.43700000000000006,0.0,0.25,0.467,0.364,0.42,0.2,0.363,0.46,0.36,0.727,0.165,0.37200000000000005,0.397,1,0,0,1,0,0,0,1,168,52,60%,74%,56%,116,65%,269,52%,179,(1985.03.28),"Right-Handed, One-Handed Backhand","3,150",15,0,0,9,0.635,0.725,0.589,0.536,0.375,0.5329999999999999,0.573,0.569,0.667,0.5,0.64,0.564,0.652,0.8420000000000001,0.33299999999999996,0.639,0.602,16,3,1,7,0,9,1,15,1
1619,Buenos Aires,Round of 16,Outdoor Clay,200,0.0,0.0,0.0,0.0,1994,1994-11-07,clay,123,98,65%,66%,51%,442,60%,702,75%,61%,52%,160,(1974.04.11),"Right-Handed, One-Handed Backhand",0,0,0,0,22,0.609,0.622,0.575,0.51,0.413,0.5670000000000001,0.604,0.609,0.664,0.364,0.564,0.44,0.629,0.835,0.293,0.597,0.675,17,0,2,10,0,6,3,14,56,48,52%,68%,47%,141,57%,195,49%,187,(1973.05.24),"Right-Handed, Unknown Backhand",0,0,0,0,88,0.456,0.314,0.444,0.496,0.29,0.33299999999999996,0.524,0.33299999999999996,0.528,0.33299999999999996,0.359,0.077,0.48700000000000004,0.836,0.153,0.475,0.379,2,0,0,2,0,0,0,2,0
67795,Indian Wells,Round of 64,Outdoor Hard,1000,0.0,0.0,0.0,0.0,2006,2006-03-06,hard,61,60,59%,69%,49%,122,52%,196,70%,61%,50%,165,(1978.07.26),"Right-Handed, One-Handed Backhand",424,35,0,0,101,0.312,0.25,0.43799999999999994,0.289,0.0,0.0,0.4,0.33299999999999996,0.2,0.222,0.34600000000000003,0.222,0.325,0.7,0.099,0.304,0.375,0,0,0,0,0,0,0,0,99,59,61%,72%,52%,147,59%,298,51%,174,(1986.06.18),"Right-Handed, One-Handed Backhand","1,365",25,0,0,18,0.627,0.6459999999999999,0.5760000000000001,0.5479999999999999,0.243,0.484,0.586,0.45799999999999996,0.624,0.6729999999999999,0.62,0.626,0.627,0.87,0.26899999999999996,0.625,0.635,15,0,0,3,3,8,7,8,1
59845,Cincinnati,Round of 64,Outdoor Hard,1000,0.5,0.5,1.0,0.0,2016,2016-08-14,hard,161,105,50%,73%,52%,191,55%,360,76%,63%,50%,181,(1985.06.17),"Right-Handed, Two-Handed Backhand","1,140",23,0,0,36,0.56,0.5539999999999999,0.446,0.544,0.293,0.28600000000000003,0.503,0.583,0.43200000000000005,0.579,0.574,0.62,0.5429999999999999,0.816,0.226,0.542,0.635,4,0,0,0,0,3,2,2,187,85,57%,74%,48%,130,59%,258,48%,194,(1990.06.23),"Right-Handed, Two-Handed Backhand",456,24,0,0,133,0.435,0.33299999999999996,0.413,0.46399999999999997,0.19399999999999998,0.0,0.42200000000000004,0.5,0.053,0.39,0.48200000000000004,0.507,0.406,0.752,0.141,0.444,0.33299999999999996,0,0,0,0,0,0,0,0,0
52733,New York,Round of 128,Outdoor Hard,grandslam,0.0,0.0,0.0,0.0,2002,2002-08-26,hard,432,118,55%,78%,52%,225,64%,474,83%,66%,52%,195,(1977.06.03),"Right-Handed, Unknown Backhand",825,27,0,0,42,0.506,0.446,0.529,0.47200000000000003,0.255,0.429,0.521,0.3,0.213,0.523,0.56,0.526,0.5,0.813,0.16899999999999998,0.49700000000000005,0.5660000000000001,3,0,0,0,0,3,0,3,21,28,52%,68%,45%,43,53%,57,43%,165,(1974.04.29),"Left-Handed, Unknown Backhand",329,29,0,0,121,0.233,0.33299999999999996,0.5,0.33299999999999996,0.0,0.0,0.3,1.0,0.14300000000000002,0.33299999999999996,0.188,0.2,0.237,0.5710000000000001,0.069,0.212,0.3,0,0,0,0,0,0,0,0,0
70698,Washington,Round of 16,Outdoor Hard,200,0.0,1.0,0.0,1.0,2001,2001-08-13,hard,430,134,54%,77%,51%,245,71%,448,84%,65%,52%,195,(1977.06.03),"Right-Handed, Unknown Backhand","1,215",25,0,0,21,0.506,0.446,0.529,0.47200000000000003,0.255,0.429,0.521,0.3,0.213,0.523,0.56,0.526,0.5,0.813,0.16899999999999998,0.49700000000000005,0.5660000000000001,3,0,0,0,0,3,0,3,129,112,62%,69%,52%,220,55%,422,51%,181,(1976.09.08),"Right-Handed, One-Handed Backhand","1,140",28,0,0,26,0.523,0.565,0.42700000000000005,0.485,0.221,0.75,0.503,0.462,0.486,0.605,0.523,0.528,0.522,0.794,0.20800000000000002,0.518,0.557,9,0,0,2,2,5,1,8,1
66517,Gstaad,Round of 16,Outdoor Clay,200,0.0,0.0,0.0,0.0,2005,2005-07-04,clay,87,41,61%,71%,45%,109,63%,166,76%,61%,49%,194,(1981.09.20),"Left-Handed, One-Handed Backhand",910,26,0,0,33,0.521,0.568,0.46,0.542,0.28600000000000003,0.389,0.5539999999999999,0.6859999999999999,0.49,0.653,0.507,0.466,0.534,0.799,0.245,0.516,0.562,7,0,0,1,4,2,1,6,39,31,75%,63%,49%,198,60%,264,50%,185,(1981.07.14),"Right-Handed, Two-Handed Backhand",408,30,0,0,105,0.456,0.214,0.304,0.48100000000000004,0.08,0.0,0.473,0.16699999999999998,0.529,0.083,0.311,0.4,0.46299999999999997,0.777,0.175,0.457,0.43799999999999994,0,0,0,0,0,0,0,0,1
73035,London,Round of 64,Outdoor Grass,200,0.0,0.0,0.0,0.0,2000,2000-06-12,grass,11,17,53%,71%,42%,24,54%,36,69%,57%,44%,180,(1979.06.14),"Right-Handed, One-Handed Backhand",372,25,0,0,109,0.5529999999999999,0.45299999999999996,0.457,0.555,0.182,0.455,0.534,0.462,0.222,0.535,0.597,0.616,0.535,0.836,0.20600000000000002,0.535,0.667,5,0,0,0,1,4,1,4,67,24,62%,81%,51%,20,55%,69,52%,200,(1970.07.08),"Right-Handed, Two-Handed Backhand",740,16,0,0,55,0.637,0.68,0.5710000000000001,0.5670000000000001,0.28600000000000003,0.4,0.552,0.59,0.578,0.726,0.645,0.628,0.6409999999999999,0.8440000000000001,0.304,0.616,0.752,8,0,0,2,1,5,3,5,1
66579,Monte Carlo,2nd Round Qualifying,Outdoor Clay,1000,0.0,0.0,0.0,0.0,2014,2014-04-13,clay,59,55,64%,68%,43%,69,61%,100,73%,59%,45%,220,(1987.05.29),"Left-Handed, One-Handed Backhand",540,31,0,0,106,0.299,0.316,0.0,0.408,0.33299999999999996,0.0,0.348,0.33299999999999996,0.231,0.4,0.293,0.32299999999999995,0.28600000000000003,0.7929999999999999,0.052000000000000005,0.315,0.214,0,0,0,0,0,0,0,0,13,9,71%,69%,40%,24,63%,37,47%,185,(1981.07.14),"Right-Handed, Two-Handed Backhand",314,21,0,0,163,0.456,0.214,0.304,0.48100000000000004,0.08,0.0,0.473,0.16699999999999998,0.529,0.083,0.311,0.4,0.46299999999999997,0.777,0.175,0.457,0.43799999999999994,0,0,0,0,0,0,0,0,1
75059,London,Round of 16,Outdoor Grass,250,0.0,0.0,0.0,0.0,2012,2012-06-11,grass,16,9,67%,74%,50%,24,67%,54,85%,66%,50%,182,(1985.10.08),"Right-Handed, One-Handed Backhand",623,28,0,0,84,0.42700000000000005,0.431,0.382,0.517,0.043,0.0,0.4,0.5,0.483,0.516,0.36200000000000004,0.365,0.444,0.852,0.114,0.42,0.484,0,0,0,0,0,0,0,0,114,15,64%,76%,52%,54,54%,165,52%,183,(1980.07.19),"Right-Handed, Two-Handed Backhand",746,27,0,0,63,0.518,0.542,0.391,0.52,0.281,0.25,0.473,0.52,0.496,0.625,0.494,0.483,0.527,0.8170000000000001,0.168,0.501,0.6459999999999999,3,0,0,0,0,3,0,3,1
52828,Cincinnati,Round of 32,Outdoor Hard,1000,0.25,0.75,0.0,0.0,1997,1997-08-04,hard,173,94,59%,74%,53%,177,71%,302,83%,65%,50%,162,(1970.04.14),"Left-Handed, Unknown Backhand",622,28,0,0,78,0.501,0.43799999999999994,0.45399999999999996,0.517,0.304,0.33299999999999996,0.506,0.444,0.375,0.467,0.514,0.5660000000000001,0.46399999999999997,0.777,0.213,0.507,0.474,4,0,0,0,1,2,2,2,157,132,57%,73%,51%,195,63%,375,51%,189,(1968.01.23),"Left-Handed, One-Handed Backhand","2,261",24,0,0,13,0.623,0.612,0.563,0.539,0.366,0.37,0.562,0.519,0.578,0.652,0.632,0.6409999999999999,0.613,0.8420000000000001,0.301,0.629,0.586,10,1,1,0,0,6,4,6,0
31406,Shanghai,Round of 64,Outdoor Hard,1000,0.0,0.0,0.0,0.0,2017,2017-10-08,hard,441,130,56%,79%,51%,195,62%,445,83%,67%,52%,209,(1987.10.07),"Right-Handed, Two-Handed Backhand","2,535",23,0,0,13,0.5539999999999999,0.541,0.47,0.49200000000000005,0.256,0.526,0.48100000000000004,0.41200000000000003,0.451,0.642,0.561,0.57,0.551,0.765,0.25,0.54,0.637,10,0,0,1,1,8,1,9,61,48,60%,66%,51%,137,57%,216,49%,159,(1988.09.18),"Right-Handed, Two-Handed Backhand","1,219",27,0,0,40,0.39399999999999996,0.25,0.278,0.40299999999999997,0.222,1.0,0.42200000000000004,0.33299999999999996,0.188,0.5,0.391,0.375,0.39799999999999996,0.7240000000000001,0.135,0.39399999999999996,0.391,1,0,0,0,1,0,0,1,0
5754,Amersfoort,Round of 32,Outdoor Clay,200,0.0,0.0,0.0,0.0,2002,2002-07-15,clay,21,41,60%,60%,44%,136,50%,162,58%,54%,47%,150,(1978.12.15),"Right-Handed, Two-Handed Backhand",258,27,0,0,143,0.35,0.3,0.349,0.43799999999999994,0.038,0.0,0.402,0.5,0.41600000000000004,0.12,0.32299999999999995,0.313,0.359,0.664,0.135,0.349,0.35700000000000004,0,0,0,0,0,0,0,0,14,9,46%,63%,46%,32,53%,37,43%,169,(1976.02.19),"Right-Handed, Two-Handed Backhand",311,34,0,0,127,0.304,0.2,0.0,0.4,0.0,0.0,0.24,0.25,0.125,0.33299999999999996,0.317,0.371,0.273,0.721,0.043,0.293,0.385,0,0,0,0,0,0,0,0,0
24380,Stockholm,Round of 32,Indoor Hard,250,0.0,1.0,0.0,0.0,2019,2019-10-14,hard,153,41,63%,73%,49%,151,61%,313,81%,64%,49%,163,(1989.03.30),"Right-Handed, Two-Handed Backhand",891,28,0,0,60,0.474,0.46299999999999997,0.373,0.48100000000000004,0.132,0.3,0.506,0.6,0.51,0.41200000000000003,0.45299999999999996,0.51,0.45899999999999996,0.772,0.22699999999999998,0.46799999999999997,0.45299999999999996,3,0,0,1,0,2,2,1,20,11,70%,64%,49%,42,50%,61,48%,165,(1998.09.09),"Right-Handed, Two-Handed Backhand",763,20,90,8,74,0.46799999999999997,0.5,0.25,0.308,0.0,0.0,0.467,0.667,0.385,0.0,0.469,0.524,0.423,0.6920000000000001,0.19,0.41,0.7140000000000001,0,0,0,0,0,0,0,0,1
5274,Vienna,Round of 32,Indoor Hard,200,0.0,0.0,0.0,0.0,2005,2005-10-10,hard,65,56,51%,69%,52%,110,54%,188,73%,61%,50%,154,(1979.10.04),"Right-Handed, One-Handed Backhand",463,30,0,0,87,0.36700000000000005,0.21899999999999997,0.318,0.431,0.059000000000000004,0.0,0.414,0.25,0.373,0.071,0.4,0.375,0.366,0.71,0.11199999999999999,0.354,0.40700000000000003,0,0,0,0,0,0,0,0,159,78,57%,75%,50%,169,65%,309,50%,190,(1976.08.27),"Right-Handed, Two-Handed Backhand",940,24,0,0,31,0.643,0.629,0.5760000000000001,0.5760000000000001,0.423,0.455,0.6,0.47200000000000003,0.7020000000000001,0.46399999999999997,0.599,0.5,0.66,0.861,0.278,0.647,0.616,20,1,3,16,0,4,0,20,1
42943,Oporto,Round of 16,Outdoor Clay,200,0.5,0.5,0.5,0.5,1996,1996-06-10,clay,54,63,61%,65%,49%,193,48%,325,69%,59%,51%,187,(1972.08.24),"Right-Handed, Unknown Backhand",764,29,0,0,59,0.442,0.35100000000000003,0.381,0.506,0.182,0.0,0.397,0.385,0.509,0.0,0.365,0.29,0.46299999999999997,0.7440000000000001,0.126,0.457,0.36700000000000005,0,0,0,0,0,0,0,0,65,80,62%,60%,42%,143,54%,162,44%,200,(1972.03.16),,131,28,0,0,279,0.32899999999999996,0.0,0.5,0.275,0.0,0.0,0.267,0.6,0.4,0.0,0.14300000000000002,0.278,0.34299999999999997,0.667,0.043,0.35200000000000004,0.214,0,0,0,0,0,0,0,0,0
11792,Metz,Semi-Finals,Indoor Hard,250,1.0,0.0,1.0,0.0,2015,2015-09-21,hard,134,94,58%,67%,52%,260,53%,470,74%,61%,51%,154,(1984.12.27),"Right-Handed, Two-Handed Backhand","2,145",24,105,45,15,0.574,0.613,0.535,0.49,0.272,0.636,0.61,0.5760000000000001,0.569,0.573,0.581,0.593,0.5670000000000001,0.8640000000000001,0.268,0.578,0.542,14,0,0,5,0,9,6,8,157,100,57%,69%,50%,181,58%,307,48%,187,(1989.07.11),"Left-Handed, Two-Handed Backhand",980,30,0,0,43,0.495,0.391,0.25,0.522,0.16,0.857,0.52,0.467,0.568,0.235,0.461,0.614,0.45,0.7340000000000001,0.231,0.489,0.5429999999999999,6,0,0,4,0,2,2,4,0
75177,Tokyo,Round of 32,Outdoor Hard,500,0.0,0.0,0.0,0.0,2017,2017-10-02,hard,10,21,62%,67%,45%,50,64%,61,70%,59%,47%,176,(1993.01.27),"Right-Handed, Two-Handed Backhand",579,26,0,0,99,0.389,0.235,0.375,0.585,0.0,1.0,0.43200000000000005,0.33299999999999996,0.435,0.0,0.36700000000000005,0.133,0.423,0.696,0.14300000000000002,0.36200000000000004,0.524,1,0,0,1,0,0,0,1,111,80,58%,73%,52%,127,55%,258,51%,163,(1983.08.14),"Right-Handed, Two-Handed Backhand",704,24,0,0,71,0.418,0.32899999999999996,0.39399999999999996,0.526,0.20600000000000002,0.0,0.35,0.529,0.24,0.444,0.425,0.392,0.42200000000000004,0.746,0.115,0.39899999999999997,0.511,0,0,0,0,0,0,0,0,1
22321,Santiago,Round of 32,Outdoor Clay,200,0.0,0.0,0.0,0.0,1996,1996-11-04,clay,14,26,70%,62%,44%,67,61%,82,68%,56%,48%,165,(1973.07.11),"Left-Handed, Unknown Backhand",331,27,0,0,138,0.242,0.25,0.33299999999999996,0.3,0.0,0.0,0.385,0.5,0.24,0.0,0.33299999999999996,0.0,0.25,0.385,0.15,0.24100000000000002,0.25,0,0,0,0,0,0,0,0,18,40,73%,63%,43%,125,58%,164,50%,170,(1978.02.28),"Right-Handed, One-Handed Backhand",466,20,0,0,103,0.48700000000000004,0.4,0.452,0.479,0.37200000000000005,0.375,0.504,0.231,0.5539999999999999,0.0,0.38299999999999995,0.3,0.501,0.7829999999999999,0.203,0.478,0.5379999999999999,3,0,0,3,0,0,0,3,1
12590,Sydney,Round of 32,Outdoor Hard,200,0.6666666666666666,0.3333333333333333,1.0,0.0,2002,2002-01-07,hard,136,54,60%,74%,55%,110,55%,278,82%,66%,52%,190,(1977.11.25),"Right-Handed, Two-Handed Backhand","1,725",25,0,0,15,0.564,0.569,0.5429999999999999,0.506,0.4,0.43799999999999994,0.47100000000000003,0.522,0.5820000000000001,0.591,0.557,0.46799999999999997,0.579,0.8220000000000001,0.22699999999999998,0.552,0.629,7,0,1,4,0,3,0,7,112,69,62%,66%,46%,180,55%,273,48%,176,(1976.11.14),"Right-Handed, Two-Handed Backhand",323,24,0,0,123,0.488,0.35700000000000004,0.391,0.446,0.091,0.0,0.547,0.6920000000000001,0.61,0.182,0.436,0.278,0.508,0.7859999999999999,0.204,0.46,0.48,0,0,0,0,0,0,0,0,0
9222,Paris,Round of 64,Outdoor Clay,grandslam,0.0,1.0,0.0,0.0,2004,2004-05-24,clay,121,68,54%,71%,51%,144,64%,234,78%,62%,49%,194,(1981.09.20),"Left-Handed, One-Handed Backhand","1,185",26,0,0,25,0.521,0.568,0.46,0.542,0.28600000000000003,0.389,0.5539999999999999,0.6859999999999999,0.49,0.653,0.507,0.466,0.534,0.799,0.245,0.516,0.562,7,0,0,1,4,2,1,6,9,14,65%,70%,47%,27,44%,55,48%,193,(1974.03.04),"Right-Handed, Two-Handed Backhand",452,24,0,0,91,0.546,0.5,0.425,0.508,0.397,0.5,0.555,0.545,0.475,0.597,0.55,0.581,0.531,0.85,0.214,0.539,0.575,6,0,0,0,1,3,3,3,0
31984,Cincinnati,Round of 64,Outdoor Hard,1000,0.0,0.0,0.0,0.0,1995,1995-08-07,hard,84,73,62%,68%,50%,189,62%,305,76%,61%,50%,155,(1969.10.06),"Right-Handed, Unknown Backhand",0,0,0,0,40,0.511,0.494,0.373,0.5,0.2,0.2,0.5479999999999999,0.5329999999999999,0.35,0.611,0.503,0.515,0.509,0.86,0.146,0.515,0.495,2,0,0,0,0,2,0,2,49,23,60%,69%,49%,68,56%,118,49%,167,(1971.01.16),"Right-Handed, Unknown Backhand",0,0,0,0,13,0.623,0.64,0.606,0.581,0.38799999999999996,0.4,0.537,0.565,0.687,0.5,0.557,0.479,0.652,0.846,0.255,0.614,0.662,14,2,2,13,0,1,0,14,1
35437,Valencia,Round of 16,Indoor Hard,500,1.0,0.0,0.0,0.0,2009,2009-11-02,hard,238,70,64%,75%,51%,137,61%,338,84%,67%,49%,194,(1981.09.20),"Left-Handed, One-Handed Backhand",905,26,0,0,47,0.521,0.568,0.46,0.542,0.28600000000000003,0.389,0.5539999999999999,0.6859999999999999,0.49,0.653,0.507,0.466,0.534,0.799,0.245,0.516,0.562,7,0,0,1,4,2,1,6,153,54,63%,73%,54%,159,61%,346,51%,165,(1982.05.01),"Right-Handed, One-Handed Backhand","2,175",27,0,0,16,0.599,0.648,0.5670000000000001,0.5539999999999999,0.196,0.522,0.614,0.773,0.664,0.545,0.556,0.47600000000000003,0.619,0.879,0.27399999999999997,0.59,0.657,12,0,1,11,0,1,1,11,1
63626,Toronto,Round of 64,Outdoor Hard,1000,1.0,0.0,0.0,0.0,2002,2002-07-29,hard,81,58,61%,68%,50%,145,52%,270,74%,61%,50%,155,(1978.12.09),"Right-Handed, One-Handed Backhand","1,490",20,0,0,21,0.579,0.537,0.508,0.53,0.267,0.5,0.531,0.28600000000000003,0.6579999999999999,0.25,0.42100000000000004,0.37799999999999995,0.597,0.84,0.258,0.579,0.585,8,1,0,8,0,0,0,8,152,63,60%,73%,50%,132,51%,283,50%,190,(1976.08.13),"Right-Handed, Two-Handed Backhand","1,090",28,0,0,29,0.518,0.47200000000000003,0.504,0.527,0.196,0.41700000000000004,0.578,0.644,0.562,0.36700000000000005,0.48200000000000004,0.444,0.529,0.8140000000000001,0.255,0.524,0.47100000000000003,5,0,0,3,0,1,1,4,1
17566,New York,Round of 64,Outdoor Hard,grandslam,1.0,0.0,1.0,0.0,2008,2008-08-25,hard,162,83,61%,72%,55%,173,67%,338,83%,65%,50%,190,(1976.08.27),"Right-Handed, Two-Handed Backhand",840,24,0,0,42,0.643,0.629,0.5760000000000001,0.5760000000000001,0.423,0.455,0.6,0.47200000000000003,0.7020000000000001,0.46399999999999997,0.599,0.5,0.66,0.861,0.278,0.647,0.616,20,1,3,16,0,4,0,20,410,93,63%,77%,51%,221,67%,503,52%,205,(1985.04.17),"Right-Handed, Two-Handed Backhand","2,050",21,0,0,6,0.675,0.7290000000000001,0.611,0.583,0.33799999999999997,0.6,0.626,0.593,0.638,0.6890000000000001,0.6829999999999999,0.701,0.664,0.8809999999999999,0.33799999999999997,0.664,0.747,18,0,2,1,0,17,13,5,1
41295,Washington,Round of 16,Outdoor Hard,500,0.0,1.0,0.0,0.0,2019,2019-07-27,hard,354,230,53%,77%,43%,252,60%,427,76%,61%,49%,176,(1989.05.08),"Right-Handed, Two-Handed Backhand","1,538",33,0,0,24,0.489,0.526,0.424,0.514,0.13,0.33299999999999996,0.503,0.524,0.523,0.5,0.467,0.444,0.5,0.83,0.20800000000000002,0.489,0.491,3,0,0,3,0,0,0,3,900,67,71%,82%,57%,110,71%,544,51%,238,(1985.04.26),"Right-Handed, Two-Handed Backhand","1,770",20,0,0,19,0.615,0.629,0.6,0.607,0.27699999999999997,0.536,0.568,0.36700000000000005,0.5429999999999999,0.6709999999999999,0.625,0.518,0.633,0.8390000000000001,0.297,0.611,0.638,15,0,1,1,4,10,0,15,0
15600,Long Island,Round of 32,Outdoor Hard,200,0.0,0.0,0.0,0.0,1999,1999-08-23,hard,40,42,60%,65%,47%,120,54%,170,68%,58%,47%,167,(1977.03.08),"Right-Handed, One-Handed Backhand",875,32,0,0,49,0.424,0.434,0.33299999999999996,0.46299999999999997,0.121,0.5,0.47700000000000004,0.6,0.46399999999999997,0.294,0.379,0.20800000000000002,0.439,0.723,0.209,0.39799999999999996,0.604,3,0,0,3,0,0,0,3,127,68,58%,71%,51%,160,65%,259,51%,177,(1970.04.04),"Right-Handed, Unknown Backhand",562,18,0,0,80,0.532,0.5,0.43200000000000005,0.45899999999999996,0.295,0.308,0.5,0.444,0.578,0.615,0.518,0.414,0.5529999999999999,0.7879999999999999,0.201,0.535,0.511,4,0,0,3,1,0,0,4,1
13067,Melbourne,Round of 32,Outdoor Hard,grandslam,0.0,0.0,0.0,0.0,1993,1993-01-18,hard,57,19,56%,79%,57%,47,66%,124,87%,70%,53%,177,(1965.01.04),"Left-Handed, Unknown Backhand",0,0,0,0,158,0.5660000000000001,0.579,0.5710000000000001,0.49200000000000005,0.292,0.579,0.5479999999999999,0.621,0.526,0.59,0.602,0.603,0.545,0.79,0.212,0.569,0.541,11,0,2,1,0,7,7,4,336,145,57%,77%,49%,228,61%,441,51%,176,(1971.06.08),"Right-Handed, Unknown Backhand",0,0,0,0,64,0.43,0.318,0.444,0.478,0.375,0.0,0.51,0.16699999999999998,0.368,0.47600000000000003,0.435,0.344,0.455,0.701,0.187,0.402,0.56,0,0,0,0,0,0,0,0,0
17090,Chennai,Quarter-Finals,Outdoor Hard,200,0.0,0.0,0.0,0.0,1999,1999-04-05,hard,77,87,53%,70%,54%,210,60%,349,76%,62%,50%,159,(1976.04.10),"Right-Handed, Unknown Backhand",677,28,0,0,69,0.385,0.382,0.364,0.5489999999999999,0.1,0.0,0.395,0.429,0.302,0.44799999999999995,0.415,0.485,0.359,0.743,0.11,0.365,0.615,0,0,0,0,0,0,0,0,57,57,62%,65%,47%,172,55%,252,49%,160,(1972.03.05),"Right-Handed, Unknown Backhand",564,19,0,0,79,0.498,0.5,0.41200000000000003,0.593,0.222,0.2,0.552,0.467,0.45299999999999996,0.273,0.5329999999999999,0.521,0.48700000000000004,0.7959999999999999,0.222,0.513,0.405,1,0,0,0,0,1,0,1,0
33920,Las Vegas,1st Round Qualifying,Outdoor Hard,200,1.0,0.0,0.0,0.0,2007,2007-02-26,hard,56,56,51%,66%,48%,115,57%,159,69%,57%,48%,154,(1979.10.04),"Right-Handed, One-Handed Backhand",233,15,0,0,183,0.36700000000000005,0.21899999999999997,0.318,0.431,0.059000000000000004,0.0,0.414,0.25,0.373,0.071,0.4,0.375,0.366,0.71,0.11199999999999999,0.354,0.40700000000000003,0,0,0,0,0,0,0,0,278,77,57%,77%,51%,181,61%,398,50%,176,(1975.03.24),"Right-Handed, Two-Handed Backhand",583,17,0,0,62,0.547,0.5670000000000001,0.466,0.506,0.3,0.643,0.52,0.621,0.349,0.605,0.562,0.604,0.517,0.8370000000000001,0.235,0.5329999999999999,0.633,9,1,1,0,2,4,5,4,1
28651,London,Quarter-Finals,Outdoor Grass,200,0.0,1.0,0.0,1.0,2002,2002-06-10,grass,53,28,60%,74%,50%,61,66%,95,78%,64%,51%,176,(1978.04.13),"Right-Handed, Two-Handed Backhand",558,27,0,0,71,0.40700000000000003,0.34299999999999997,0.28600000000000003,0.43200000000000005,0.21100000000000002,0.0,0.41700000000000004,0.444,0.387,0.469,0.409,0.433,0.39799999999999996,0.6579999999999999,0.155,0.40299999999999997,0.44,0,0,0,0,0,0,0,0,91,26,55%,80%,52%,40,63%,116,51%,187,(1971.09.15),"Right-Handed, Two-Handed Backhand",875,20,0,0,39,0.608,0.65,0.5539999999999999,0.5,0.276,0.652,0.63,0.6920000000000001,0.581,0.667,0.632,0.541,0.627,0.853,0.3,0.603,0.633,15,0,2,1,1,11,4,11,0
3541,London,Round of 64,Outdoor Grass,grandslam,1.0,0.0,0.0,0.0,2010,2010-06-21,grass,126,13,70%,81%,56%,21,86%,103,97%,74%,53%,195,(1982.08.30),"Right-Handed, Two-Handed Backhand","3,665",21,0,0,8,0.742,0.7440000000000001,0.6920000000000001,0.621,0.336,0.615,0.652,0.44799999999999995,0.636,0.7959999999999999,0.755,0.726,0.746,0.9,0.345,0.733,0.8109999999999999,32,1,5,5,5,21,7,25,129,24,64%,81%,59%,38,74%,130,55%,176,(1980.05.18),"Left-Handed, One-Handed Backhand","1,575",26,0,0,23,0.45799999999999996,0.395,0.368,0.488,0.245,0.5,0.42,0.41700000000000004,0.33299999999999996,0.603,0.456,0.523,0.428,0.773,0.134,0.44799999999999995,0.5479999999999999,5,0,0,0,2,3,2,3,0
4490,Nice,Round of 32,Outdoor Clay,200,0.0,0.0,0.0,0.0,1993,1993-04-12,clay,43,26,61%,72%,47%,57,47%,122,75%,62%,51%,187,(1967.11.22),"Right-Handed, Unknown Backhand",0,0,0,0,11,0.769,0.8029999999999999,0.693,0.597,0.6509999999999999,0.636,0.657,0.6809999999999999,0.6629999999999999,0.823,0.772,0.7979999999999999,0.75,0.895,0.41100000000000003,0.762,0.804,49,6,5,0,7,16,30,19,50,94,58%,68%,44%,194,54%,277,50%,180,(1970.06.16),"Right-Handed, Unknown Backhand",0,0,0,0,133,0.444,0.389,0.273,0.52,0.111,0.4,0.309,0.5710000000000001,0.475,0.5,0.434,0.474,0.441,0.7190000000000001,0.146,0.462,0.385,2,0,0,1,0,1,0,2,0
20271,Newport,Round of 16,Outdoor Grass,250,0.0,0.0,0.0,0.0,2012,2012-07-09,grass,41,28,56%,73%,53%,61,64%,115,81%,64%,51%,170,(1981.02.24),"Right-Handed, Two-Handed Backhand",625,13,0,0,83,0.7020000000000001,0.698,0.637,0.523,0.47100000000000003,0.652,0.6409999999999999,0.561,0.632,0.759,0.7020000000000001,0.69,0.703,0.87,0.39399999999999996,0.691,0.773,30,2,2,2,8,20,4,26,12,6,61%,70%,46%,18,50%,32,49%,160,(1987.12.30),"Right-Handed, Two-Handed Backhand",448,20,0,0,128,0.336,0.348,0.348,0.34600000000000003,0.0,0.0,0.429,0.5,0.25,0.33299999999999996,0.34700000000000003,0.385,0.33,0.653,0.139,0.355,0.23800000000000002,0,0,0,0,0,0,0,0,0
23188,Kitzbuhel,Round of 32,Outdoor Clay,250,0.0,0.0,0.0,0.0,2012,2012-07-22,clay,4,7,50%,75%,42%,9,56%,14,71%,58%,45%,174,(1993.09.03),"Right-Handed, One-Handed Backhand",147,22,0,0,309,0.6509999999999999,0.706,0.578,0.529,0.415,0.615,0.627,0.5329999999999999,0.75,0.5,0.589,0.583,0.6679999999999999,0.893,0.321,0.652,0.649,16,0,1,10,1,5,2,14,27,22,54%,70%,50%,60,52%,107,50%,187,(1989.07.11),"Left-Handed, Two-Handed Backhand","1,175",24,0,0,30,0.495,0.391,0.25,0.522,0.16,0.857,0.52,0.467,0.568,0.235,0.461,0.614,0.45,0.7340000000000001,0.231,0.489,0.5429999999999999,6,0,0,4,0,2,2,4,1
29324,Atlanta,Round of 32,Outdoor Hard,200,0.0,0.0,0.0,0.0,1996,1996-07-22,hard,62,38,68%,67%,54%,157,63%,257,77%,63%,51%,190,(1975.03.22),"Right-Handed, Two-Handed Backhand",830,25,0,0,52,0.564,0.5710000000000001,0.518,0.46399999999999997,0.304,0.583,0.5920000000000001,0.5,0.564,0.5,0.581,0.526,0.5760000000000001,0.863,0.248,0.5539999999999999,0.627,7,0,0,4,0,2,1,6,124,33,61%,70%,50%,196,60%,320,50%,155,(1970.05.17),"Right-Handed, Unknown Backhand",993,26,0,0,40,0.483,0.43799999999999994,0.424,0.5,0.20600000000000002,0.28600000000000003,0.556,0.7,0.5,0.33299999999999996,0.44799999999999995,0.47700000000000004,0.484,0.77,0.245,0.47100000000000003,0.532,2,0,0,1,0,1,1,1,1
36848,Casablanca,Round of 16,Outdoor Clay,200,0.0,0.0,0.0,0.0,1994,1994-03-14,clay,31,44,66%,64%,44%,69,48%,110,67%,57%,50%,170,(1968.03.21),"Right-Handed, Unknown Backhand",0,0,0,0,141,0.354,0.33299999999999996,0.0,0.316,0.33299999999999996,0.0,0.39399999999999996,0.0,0.41200000000000003,0.2,0.259,0.381,0.34700000000000003,0.6759999999999999,0.153,0.309,0.6,0,0,0,0,0,0,0,0,94,93,60%,68%,47%,188,63%,278,49%,190,(1971.09.12),"Right-Handed, Two-Handed Backhand",0,0,0,0,117,0.539,0.5489999999999999,0.32799999999999996,0.552,0.327,0.313,0.503,0.706,0.588,0.5,0.5,0.39299999999999996,0.557,0.8009999999999999,0.23,0.552,0.455,5,0,0,4,0,1,0,5,1
35449,Metz,Round of 32,Indoor Hard,250,0.0,0.0,0.0,0.0,2010,2010-09-20,hard,102,41,62%,68%,51%,101,56%,177,75%,62%,46%,203,(1987.07.17),"Right-Handed, One-Handed Backhand",541,28,0,0,104,0.392,0.28,0.222,0.505,0.33299999999999996,0.0,0.409,0.28600000000000003,0.382,0.41200000000000003,0.395,0.429,0.37799999999999995,0.685,0.125,0.4,0.294,0,0,0,0,0,0,0,0,136,71,62%,70%,54%,193,60%,359,50%,165,(1982.05.01),"Right-Handed, One-Handed Backhand",915,25,0,0,50,0.599,0.648,0.5670000000000001,0.5539999999999999,0.196,0.522,0.614,0.773,0.664,0.545,0.556,0.47600000000000003,0.619,0.879,0.27399999999999997,0.59,0.657,12,0,1,11,0,1,1,11,1
10395,Melbourne,Round of 128,Outdoor Hard,grandslam,1.0,0.0,1.0,0.0,2010,2010-01-18,hard,120,44,63%,70%,53%,153,58%,308,79%,64%,50%,180,(1983.10.05),"Right-Handed, Two-Handed Backhand","1,128",26,0,0,37,0.48200000000000004,0.447,0.44,0.474,0.17600000000000002,0.28600000000000003,0.545,0.615,0.5,0.594,0.43799999999999994,0.4,0.49700000000000005,0.823,0.136,0.478,0.517,2,0,0,1,1,0,0,2,159,50,55%,75%,53%,104,55%,236,50%,170,(1984.03.24),"Right-Handed, One-Handed Backhand",839,20,0,0,57,0.451,0.4,0.467,0.5529999999999999,0.235,0.33299999999999996,0.493,0.5,0.37200000000000005,0.513,0.46,0.5,0.433,0.758,0.183,0.436,0.516,1,0,0,0,0,1,1,0,0
58047,London,Round of 32,Outdoor Grass,grandslam,0.7142857142857143,0.2857142857142857,1.0,0.0,2007,2007-06-25,grass,49,12,63%,76%,59%,33,67%,81,86%,70%,52%,190,(1977.11.25),"Right-Handed, Two-Handed Backhand","1,653",21,0,0,15,0.564,0.569,0.5429999999999999,0.506,0.4,0.43799999999999994,0.47100000000000003,0.522,0.5820000000000001,0.591,0.557,0.46799999999999997,0.579,0.8220000000000001,0.22699999999999998,0.552,0.629,7,0,1,4,0,3,0,7,47,8,58%,72%,62%,27,67%,82,53%,170,(1981.02.24),"Right-Handed, Two-Handed Backhand","1,365",19,0,0,21,0.7020000000000001,0.698,0.637,0.523,0.47100000000000003,0.652,0.6409999999999999,0.561,0.632,0.759,0.7020000000000001,0.69,0.703,0.87,0.39399999999999996,0.691,0.773,30,2,2,2,8,20,4,26,1
10591,Santiago,Round of 32,Outdoor Clay,200,0.0,0.0,0.0,0.0,1998,1998-11-09,clay,103,99,63%,67%,52%,294,57%,519,76%,62%,52%,156,(1968.10.24),"Left-Handed, Unknown Backhand","1,216",28,0,0,30,0.5329999999999999,0.47600000000000003,0.46,0.5,0.27399999999999997,0.5329999999999999,0.502,0.5379999999999999,0.5760000000000001,0.5,0.473,0.271,0.551,0.833,0.231,0.541,0.486,8,0,0,7,0,1,0,8,159,50,56%,73%,50%,103,55%,217,51%,176,(1976.11.14),"Right-Handed, Two-Handed Backhand",784,28,0,0,56,0.488,0.35700000000000004,0.391,0.446,0.091,0.0,0.547,0.6920000000000001,0.61,0.182,0.436,0.278,0.508,0.7859999999999999,0.204,0.46,0.48,0,0,0,0,0,0,0,0,0
58484,Sydney,3rd Round Qualifying,Outdoor Hard,200,0.0,0.0,0.0,0.0,2007,2007-01-08,hard,5,2,59%,57%,38%,14,21%,20,45%,49%,45%,194,(1982.05.16),"Right-Handed, Two-Handed Backhand",185,14,0,0,222,0.42700000000000005,0.5,0.226,0.537,0.14300000000000002,0.0,0.39,0.563,0.474,0.5,0.359,0.43200000000000005,0.426,0.75,0.154,0.439,0.31,0,0,0,0,0,0,0,0,1,1,77%,58%,44%,13,38%,19,45%,165,(1982.05.22),"Right-Handed, Two-Handed Backhand",88,9,0,0,383,0.20600000000000002,0.33299999999999996,0.0,0.091,0.0,0.0,0.5710000000000001,1.0,0.1,0.4,0.21100000000000002,0.0,0.233,0.667,0.107,0.226,0.0,0,0,0,0,0,0,0,0,0
36030,Doha,Round of 16,Outdoor Hard,200,0.0,0.0,0.0,0.0,2001,2001-01-01,hard,398,149,61%,79%,51%,211,63%,516,85%,68%,51%,205,(1977.07.06),"Right-Handed, One-Handed Backhand","1,015",26,0,0,35,0.502,0.485,0.47200000000000003,0.53,0.29600000000000004,0.25,0.447,0.41200000000000003,0.406,0.536,0.508,0.5660000000000001,0.475,0.785,0.17300000000000001,0.48700000000000004,0.607,1,0,0,0,0,1,1,0,148,117,56%,71%,52%,149,60%,286,49%,167,(1978.04.07),"Right-Handed, Unknown Backhand",420,26,0,0,99,0.435,0.4,0.0,0.467,0.235,0.0,0.467,0.28600000000000003,0.105,0.455,0.447,0.545,0.358,0.691,0.175,0.46,0.25,0,0,0,0,0,0,0,0,1
45793,Paris,Round of 128,Outdoor Clay,grandslam,0.0,0.0,0.0,0.0,1995,1995-05-29,clay,26,20,62%,67%,45%,51,45%,88,68%,58%,48%,188,(1972.11.15),"Right-Handed, Unknown Backhand",0,0,0,0,176,0.402,0.3,0.4,0.444,0.125,0.0,0.4,0.667,0.467,0.25,0.0,0.1,0.431,0.792,0.109,0.39799999999999996,0.42100000000000004,0,0,0,0,0,0,0,0,12,1,74%,53%,70%,20,55%,24,46%,175,(1965.09.11),"Right-Handed, Unknown Backhand",0,0,0,0,158,0.40700000000000003,0.35200000000000004,0.35700000000000004,0.40399999999999997,0.263,0.0,0.4,0.5,0.389,0.4,0.41,0.38,0.413,0.645,0.14400000000000002,0.423,0.33299999999999996,0,0,0,0,0,0,0,0,0
58101,Atlanta,Quarter-Finals,Outdoor Hard,250,0.0,1.0,0.0,0.0,2013,2013-07-22,hard,336,110,58%,74%,52%,233,63%,446,81%,65%,51%,179,(1985.01.02),"Right-Handed, Two-Handed Backhand","1,190",25,0,0,33,0.457,0.375,0.40399999999999997,0.521,0.14300000000000002,0.5,0.488,0.545,0.42200000000000004,0.5479999999999999,0.45399999999999996,0.5,0.442,0.72,0.183,0.465,0.406,1,0,0,0,0,1,1,0,155,95,51%,71%,52%,193,58%,336,50%,170,(1981.02.24),"Right-Handed, Two-Handed Backhand",780,19,0,0,60,0.7020000000000001,0.698,0.637,0.523,0.47100000000000003,0.652,0.6409999999999999,0.561,0.632,0.759,0.7020000000000001,0.69,0.703,0.87,0.39399999999999996,0.691,0.773,30,2,2,2,8,20,4,26,1
52568,Tokyo,Round of 32,Outdoor Hard,500,0.5,0.5,0.0,1.0,2013,2013-09-30,hard,201,67,57%,73%,53%,212,68%,377,82%,65%,51%,176,(1984.06.22),"Right-Handed, Two-Handed Backhand","1,130",27,0,0,36,0.528,0.505,0.485,0.495,0.242,0.364,0.513,0.625,0.507,0.528,0.541,0.5479999999999999,0.522,0.8029999999999999,0.204,0.525,0.49200000000000005,4,0,0,1,0,3,2,2,80,18,68%,68%,49%,114,59%,204,47%,194,(1981.07.21),"Right-Handed, One-Handed Backhand",636,27,0,0,80,0.452,0.44299999999999995,0.33799999999999997,0.462,0.11900000000000001,0.2,0.414,0.42100000000000004,0.542,0.406,0.33799999999999997,0.342,0.473,0.764,0.132,0.444,0.491,1,0,0,1,0,0,0,1,0
71655,Shanghai,Round of 32,Outdoor Hard,200,0.0,0.0,0.0,0.0,2001,2001-09-17,hard,92,58,59%,67%,50%,185,61%,272,73%,60%,49%,155,(1976.06.27),"Right-Handed, Unknown Backhand",377,28,0,0,111,0.353,0.22699999999999998,0.154,0.544,0.1,0.0,0.28600000000000003,0.273,0.304,0.235,0.377,0.41700000000000004,0.336,0.603,0.135,0.319,0.375,0,0,0,0,0,0,0,0,12,16,47%,66%,43%,38,53%,48,47%,{},(1979.07.08),"Right-Handed, Unknown Backhand",133,23,0,0,266,0.33299999999999996,0.0,0.0,0.33299999999999996,0.0,0.0,0.667,0.0,0.0,0.0,0.33299999999999996,0.0,0.33299999999999996,0.667,0.222,0.25,0.5,0,0,0,0,0,0,0,0,1
18914,Prague,Round of 16,Outdoor Clay,200,1.0,0.0,1.0,0.0,1992,1992-08-10,clay,169,74,55%,72%,51%,235,63%,411,79%,63%,53%,180,(1965.03.30),"Right-Handed, Unknown Backhand",0,0,0,0,23,0.5489999999999999,0.534,0.42100000000000004,0.507,0.265,0.65,0.552,0.47600000000000003,0.617,0.41700000000000004,0.486,0.461,0.5760000000000001,0.792,0.17300000000000001,0.537,0.6,13,0,1,10,0,2,1,12,43,32,59%,66%,46%,100,50%,153,49%,175,(1967.03.22),"Right-Handed, Unknown Backhand",0,0,0,0,136,0.385,0.111,0.0,0.441,0.6,0.0,0.36,0.0,0.452,0.0,0.111,0.25,0.402,0.6,0.16699999999999998,0.415,0.29600000000000004,0,0,0,0,0,0,0,0,0
53054,Rotterdam,Round of 16,Indoor Hard,500,1.0,0.0,1.0,0.0,2012,2012-02-13,hard,94,66,68%,68%,48%,196,57%,362,77%,62%,50%,172,(1981.07.23),"Left-Handed, Two-Handed Backhand",927,29,0,0,41,0.54,0.509,0.45299999999999996,0.54,0.125,0.154,0.522,0.6559999999999999,0.564,0.439,0.539,0.5870000000000001,0.52,0.8290000000000001,0.21,0.532,0.539,2,0,0,0,0,2,0,2,123,123,59%,70%,48%,191,62%,304,49%,194,(1982.05.16),"Right-Handed, Two-Handed Backhand",675,27,0,0,74,0.42700000000000005,0.5,0.226,0.537,0.14300000000000002,0.0,0.39,0.563,0.474,0.5,0.359,0.43200000000000005,0.426,0.75,0.154,0.439,0.31,0,0,0,0,0,0,0,0,0
8811,Indian Wells,Round of 64,Outdoor Hard,1000,0.0,0.0,0.0,0.0,2014,2014-03-06,hard,99,127,56%,71%,47%,206,63%,281,73%,60%,49%,174,(1987.05.24),"Right-Handed, Two-Handed Backhand","1,790",26,210,90,20,0.539,0.5479999999999999,0.479,0.552,0.195,0.474,0.59,0.629,0.594,0.514,0.475,0.465,0.5489999999999999,0.82,0.27399999999999997,0.541,0.523,9,0,1,8,0,1,1,8,75,48,60%,70%,50%,88,63%,163,48%,185,(1992.05.07),"Right-Handed, Two-Handed Backhand",261,25,12,0,191,0.428,0.326,0.426,0.40399999999999997,0.053,0.25,0.48200000000000004,0.2,0.341,0.35100000000000003,0.46,0.514,0.415,0.807,0.16,0.435,0.36700000000000005,1,0,0,0,0,1,1,0,0
14701,Indian Wells,Round of 64,Outdoor Hard,1000,0.0,0.0,0.0,0.0,2008,2008-03-13,hard,308,128,56%,76%,51%,278,63%,578,82%,65%,52%,183,(1979.12.28),"Right-Handed, One-Handed Backhand","1,775",23,0,0,10,0.588,0.588,0.55,0.519,0.257,0.41700000000000004,0.498,0.21100000000000002,0.46,0.525,0.631,0.574,0.593,0.833,0.265,0.579,0.667,10,0,0,0,0,10,3,7,150,58,58%,71%,49%,151,60%,252,49%,165,(1977.03.30),"Right-Handed, Unknown Backhand",714,28,0,0,54,0.449,0.385,0.182,0.513,0.111,0.0,0.423,0.5710000000000001,0.441,0.423,0.42200000000000004,0.508,0.425,0.8490000000000001,0.11599999999999999,0.44,0.524,0,0,0,0,0,0,0,0,0
62577,Paris,Round of 128,Outdoor Clay,grandslam,0.0,0.0,0.0,0.0,2011,2011-05-22,clay,1,5,60%,63%,37%,11,45%,15,60%,53%,44%,160,(1984.09.05),"Right-Handed, Two-Handed Backhand",481,27,0,0,120,0.381,0.19,0.0,0.446,0.0,0.0,0.5,0.625,0.308,0.235,0.371,0.5,0.336,0.813,0.172,0.377,0.28600000000000003,0,0,0,0,0,0,0,0,46,48,63%,65%,52%,137,53%,243,50%,160,(1982.06.25),"Right-Handed, One-Handed Backhand","1,105",26,0,0,35,0.545,0.598,0.418,0.514,0.261,0.47600000000000003,0.515,0.5379999999999999,0.511,0.57,0.5489999999999999,0.607,0.524,0.8140000000000001,0.23,0.5489999999999999,0.509,10,0,0,3,0,6,6,4,1
65852,Los Angeles,Round of 32,Outdoor Hard,200,0.25,0.75,0.0,1.0,1991,1991-07-29,hard,97,72,60%,68%,47%,140,59%,202,72%,59%,49%,170,(1962.04.16),"Right-Handed, Unknown Backhand",0,0,0,0,160,0.519,0.381,0.0,0.465,0.162,0.33299999999999996,0.536,0.364,0.278,0.544,0.529,0.506,0.523,0.713,0.203,0.515,0.5379999999999999,2,0,0,0,0,2,0,2,88,94,52%,68%,49%,163,56%,250,49%,176,(1965.01.29),"Right-Handed, Unknown Backhand",0,0,0,0,138,0.467,0.361,0.267,0.436,0.259,0.5,0.447,0.375,0.053,0.5,0.526,0.505,0.445,0.784,0.086,0.47200000000000003,0.442,3,0,0,0,0,2,2,1,1
59412,Indian Wells,Quarter-Finals,Outdoor Hard,1000,0.5,0.5,0.6666666666666666,0.3333333333333333,1998,1998-03-09,hard,219,82,61%,76%,56%,156,60%,448,86%,69%,54%,160,(1975.12.26),"Left-Handed, Two-Handed Backhand","3,670",23,0,0,2,0.6709999999999999,0.662,0.6859999999999999,0.589,0.361,0.5670000000000001,0.5760000000000001,0.545,0.688,0.5,0.677,0.65,0.675,0.892,0.26,0.659,0.7440000000000001,18,0,5,9,0,8,4,14,125,136,52%,74%,50%,189,56%,377,52%,189,(1968.01.23),"Left-Handed, One-Handed Backhand","2,114",21,0,0,13,0.623,0.612,0.563,0.539,0.366,0.37,0.562,0.519,0.578,0.652,0.632,0.6409999999999999,0.613,0.8420000000000001,0.301,0.629,0.586,10,1,1,0,0,6,4,6,0
70169,Tokyo,Round of 16,Outdoor Hard,200,0.0,1.0,0.0,0.0,1999,1999-04-12,hard,128,75,62%,68%,50%,200,65%,294,76%,61%,49%,175,(1973.04.27),"Right-Handed, Two-Handed Backhand",463,24,0,0,102,0.419,0.364,0.4,0.436,0.222,0.0,0.391,0.643,0.15,0.387,0.43,0.516,0.385,0.794,0.134,0.423,0.4,0,0,0,0,0,0,0,0,108,106,62%,68%,49%,244,61%,369,50%,181,(1976.09.08),"Right-Handed, One-Handed Backhand",950,28,0,0,44,0.523,0.565,0.42700000000000005,0.485,0.221,0.75,0.503,0.462,0.486,0.605,0.523,0.528,0.522,0.794,0.20800000000000002,0.518,0.557,9,0,0,2,2,5,1,8,0
6970,Madrid,Round of 16,Indoor Hard,1000,0.8,0.2,0.0,0.0,2006,2006-10-16,hard,98,99,63%,66%,55%,260,65%,409,78%,62%,51%,175,(1982.01.01),"Right-Handed, Two-Handed Backhand","2,295",17,0,0,8,0.6659999999999999,0.705,0.621,0.6,0.368,0.478,0.56,0.5670000000000001,0.667,0.6890000000000001,0.6559999999999999,0.7290000000000001,0.648,0.86,0.32899999999999996,0.6629999999999999,0.6890000000000001,11,0,2,4,0,5,5,6,136,73,61%,70%,52%,213,67%,374,51%,170,(1974.09.06),"Right-Handed, One-Handed Backhand",900,20,0,0,39,0.644,0.667,0.56,0.535,0.376,0.39299999999999996,0.527,0.5710000000000001,0.529,0.7120000000000001,0.647,0.6709999999999999,0.633,0.862,0.28800000000000003,0.627,0.738,11,0,1,0,0,8,6,5,0
25217,Stockholm,Round of 32,Indoor Hard,250,1.0,0.0,0.0,0.0,2016,2016-10-17,hard,217,76,55%,75%,52%,119,61%,243,81%,65%,49%,190,(1985.08.21),"Right-Handed, One-Handed Backhand","1,013",26,0,0,44,0.588,0.5710000000000001,0.503,0.478,0.21600000000000003,0.565,0.523,0.5379999999999999,0.6559999999999999,0.467,0.47200000000000003,0.444,0.605,0.843,0.22899999999999998,0.598,0.511,13,0,0,13,0,0,1,12,35,32,62%,66%,47%,106,68%,125,48%,159,(1988.09.18),"Right-Handed, Two-Handed Backhand",527,25,0,0,112,0.39399999999999996,0.25,0.278,0.40299999999999997,0.222,1.0,0.42200000000000004,0.33299999999999996,0.188,0.5,0.391,0.375,0.39799999999999996,0.7240000000000001,0.135,0.39399999999999996,0.391,1,0,0,0,1,0,0,1,0
12589,Chennai,Quarter-Finals,Outdoor Hard,200,0.0,0.0,0.0,0.0,2002,2001-12-31,hard,136,54,60%,74%,55%,110,55%,278,82%,66%,52%,190,(1977.11.25),"Right-Handed, Two-Handed Backhand","1,725",25,0,0,15,0.564,0.569,0.5429999999999999,0.506,0.4,0.43799999999999994,0.47100000000000003,0.522,0.5820000000000001,0.591,0.557,0.46799999999999997,0.579,0.8220000000000001,0.22699999999999998,0.552,0.629,7,0,1,4,0,3,0,7,31,11,54%,68%,50%,36,56%,64,46%,190,(1978.04.24),"Right-Handed, Two-Handed Backhand",167,15,0,0,199,0.358,0.172,0.5,0.494,0.067,0.0,0.409,0.5,0.42100000000000004,0.125,0.3,0.25,0.371,0.7390000000000001,0.14,0.35100000000000003,0.409,0,0,0,0,0,0,0,0,0
3627,New York,Round of 128,Outdoor Hard,grandslam,0.3333333333333333,0.6666666666666666,1.0,0.0,2003,2003-08-25,hard,132,41,56%,75%,54%,92,61%,198,82%,66%,50%,192,(1973.02.24),"Right-Handed, Unknown Backhand",459,31,0,0,78,0.39899999999999997,0.276,0.294,0.5379999999999999,0.222,0.5,0.40299999999999997,0.25,0.345,0.46299999999999997,0.4,0.386,0.402,0.7040000000000001,0.139,0.395,0.435,1,0,0,0,0,0,1,0,80,67,57%,70%,54%,180,59%,280,54%,160,(1982.06.25),"Right-Handed, One-Handed Backhand",840,27,0,0,43,0.545,0.598,0.418,0.514,0.261,0.47600000000000003,0.515,0.5379999999999999,0.511,0.57,0.5489999999999999,0.607,0.524,0.8140000000000001,0.23,0.5489999999999999,0.509,10,0,0,3,0,6,6,4,0
38572,Melbourne,Round of 128,Outdoor Hard,grandslam,0.0,1.0,0.0,0.0,2002,2002-01-14,hard,57,9,62%,71%,49%,71,66%,115,79%,63%,49%,181,(1973.06.14),"Right-Handed, One-Handed Backhand",297,25,0,0,133,0.381,0.318,0.28600000000000003,0.384,0.222,0.33299999999999996,0.4,0.33299999999999996,0.39799999999999996,0.14300000000000002,0.396,0.28600000000000003,0.389,0.685,0.165,0.374,0.429,1,0,0,1,0,0,0,1,31,42,57%,66%,50%,112,50%,182,49%,143,(1981.01.18),"Right-Handed, One-Handed Backhand",624,26,0,0,64,0.46299999999999997,0.42200000000000004,0.41600000000000004,0.43200000000000005,0.22,0.2,0.506,0.344,0.39399999999999996,0.531,0.478,0.46799999999999997,0.462,0.7440000000000001,0.24,0.441,0.575,2,0,0,2,0,0,0,2,0
23088,Tokyo,Round of 64,Outdoor Hard,200,0.0,0.0,0.0,0.0,1992,1992-04-06,hard,14,19,62%,65%,53%,55,64%,74,73%,60%,49%,165,(1968.01.19),"Right-Handed, Two-Handed Backhand",0,0,0,0,214,0.42700000000000005,0.3,0.0,0.42100000000000004,0.0,1.0,0.522,0.33299999999999996,0.516,0.0,0.304,0.48100000000000004,0.4,0.8109999999999999,0.111,0.43799999999999994,0.33299999999999996,1,0,0,1,0,0,0,1,93,65,54%,74%,46%,91,54%,159,48%,195,(1972.08.01),"Right-Handed, Unknown Backhand",0,0,0,0,91,0.428,0.373,0.294,0.474,0.184,0.0,0.496,0.2,0.17600000000000002,0.479,0.41600000000000004,0.504,0.389,0.741,0.18,0.419,0.462,0,0,0,0,0,0,0,0,1
50505,Melbourne,Round of 16,Outdoor Hard,grandslam,0.0,0.0,0.0,0.0,1991,1991-01-14,hard,243,40,57%,79%,59%,118,61%,422,89%,71%,55%,177,(1965.01.04),"Left-Handed, Unknown Backhand",0,0,0,0,7,0.5660000000000001,0.579,0.5710000000000001,0.49200000000000005,0.292,0.579,0.5479999999999999,0.621,0.526,0.59,0.602,0.603,0.545,0.79,0.212,0.569,0.541,11,0,2,1,0,7,7,4,47,75,60%,67%,54%,188,61%,314,51%,165,(1971.04.02),"Right-Handed, Unknown Backhand",0,0,0,0,77,0.508,0.5489999999999999,0.38299999999999995,0.515,0.14,0.222,0.5670000000000001,0.526,0.373,0.5920000000000001,0.53,0.44799999999999995,0.525,0.862,0.196,0.496,0.56,2,0,0,1,0,1,0,2,0
19865,Stuttgart,Round of 16,Outdoor Clay,200,0.0,0.0,0.0,0.0,1991,1991-07-15,clay,68,35,54%,74%,43%,97,62%,133,72%,60%,49%,177,(1965.01.04),"Left-Handed, Unknown Backhand",0,0,0,0,7,0.5660000000000001,0.579,0.5710000000000001,0.49200000000000005,0.292,0.579,0.5479999999999999,0.621,0.526,0.59,0.602,0.603,0.545,0.79,0.212,0.569,0.541,11,0,2,1,0,7,7,4,11,6,73%,65%,47%,33,58%,61,50%,159,(1971.05.22),"Right-Handed, Unknown Backhand",0,0,0,0,89,0.37799999999999995,0.429,0.0,0.667,0.5,0.0,0.545,1.0,0.348,0.0,0.5,0.0,0.405,0.867,0.133,0.405,0.25,0,0,0,0,0,0,0,0,1
60110,Auckland,Round of 16,Outdoor Hard,200,1.0,0.0,0.0,0.0,2007,2007-01-08,hard,408,90,52%,80%,52%,178,58%,447,83%,66%,51%,180,(1981.12.09),"Right-Handed, Two-Handed Backhand",740,22,0,0,39,0.58,0.578,0.534,0.475,0.324,0.3,0.602,0.524,0.45299999999999996,0.639,0.596,0.521,0.593,0.845,0.276,0.583,0.562,6,0,0,1,1,4,1,5,186,36,64%,77%,52%,98,64%,246,52%,180,(1984.03.30),"Right-Handed, Two-Handed Backhand",480,17,0,0,83,0.606,0.672,0.52,0.503,0.24100000000000002,0.273,0.602,0.667,0.574,0.741,0.581,0.611,0.604,0.883,0.23800000000000002,0.607,0.583,3,0,0,0,2,0,1,2,0
42721,Toulouse,Round of 16,Indoor Hard,200,1.0,0.0,0.0,0.0,1994,1994-10-03,hard,122,87,61%,70%,47%,208,58%,342,74%,61%,51%,175,(1969.06.15),"Right-Handed, Unknown Backhand",0,0,0,0,51,0.55,0.618,0.521,0.5379999999999999,0.27699999999999997,0.294,0.47,0.455,0.536,0.5920000000000001,0.555,0.573,0.539,0.826,0.23199999999999998,0.5529999999999999,0.539,5,0,1,2,1,1,2,3,57,71,53%,72%,47%,102,55%,185,49%,160,(1962.06.19),"Right-Handed, Unknown Backhand",0,0,0,0,77,0.406,0.368,0.25,0.48700000000000004,0.25,1.0,0.474,0.529,0.268,0.452,0.409,0.429,0.39899999999999997,0.6809999999999999,0.139,0.405,0.413,1,0,0,0,0,1,0,1,0
30585,Tashkent,Round of 32,Outdoor Hard,200,0.0,0.0,0.0,0.0,1999,1999-09-13,hard,225,123,56%,75%,50%,211,57%,433,79%,64%,50%,175,(1969.06.15),"Right-Handed, Unknown Backhand","1,814",29,0,0,13,0.55,0.618,0.521,0.5379999999999999,0.27699999999999997,0.294,0.47,0.455,0.536,0.5920000000000001,0.555,0.573,0.539,0.826,0.23199999999999998,0.5529999999999999,0.539,5,0,1,2,1,1,2,3,71,53,57%,73%,47%,79,58%,149,50%,187,(1981.08.08),"Right-Handed, One-Handed Backhand",749,22,0,0,64,0.821,0.86,0.779,0.653,0.6459999999999999,0.66,0.649,0.5820000000000001,0.7609999999999999,0.8740000000000001,0.835,0.81,0.8240000000000001,0.9329999999999999,0.42200000000000004,0.826,0.777,103,20,28,11,19,71,26,77,1
68859,Halle,Quarter-Finals,Outdoor Grass,200,0.6666666666666666,0.3333333333333333,0.0,0.0,2003,2003-06-09,grass,135,28,63%,77%,58%,43,67%,165,92%,70%,56%,187,(1981.08.08),"Right-Handed, One-Handed Backhand","4,375",24,0,0,2,0.821,0.86,0.779,0.653,0.6459999999999999,0.66,0.649,0.5820000000000001,0.7609999999999999,0.8740000000000001,0.835,0.81,0.8240000000000001,0.9329999999999999,0.42200000000000004,0.826,0.777,103,20,28,11,19,71,26,77,85,17,71%,75%,51%,37,70%,109,52%,190,(1971.09.12),"Right-Handed, Two-Handed Backhand","1,480",26,0,0,14,0.539,0.5489999999999999,0.32799999999999996,0.552,0.327,0.313,0.503,0.706,0.588,0.5,0.5,0.39299999999999996,0.557,0.8009999999999999,0.23,0.552,0.455,5,0,0,4,0,1,0,5,0
64903,Casablanca,Round of 32,Outdoor Clay,250,0.0,1.0,0.0,0.0,2013,2013-04-08,clay,1,1,64%,70%,46%,7,29%,15,67%,62%,44%,171,(1981.02.28),"Right-Handed, Two-Handed Backhand",216,24,0,0,218,0.42,0.389,0.389,0.456,0.161,0.667,0.51,0.429,0.462,0.34600000000000003,0.41700000000000004,0.33899999999999997,0.439,0.726,0.195,0.41200000000000003,0.474,2,0,0,1,0,1,0,2,25,16,57%,63%,47%,74,49%,114,48%,172,(1991.07.12),"Right-Handed, Two-Handed Backhand",739,28,0,0,64,0.528,0.569,0.456,0.503,0.11800000000000001,0.5710000000000001,0.46399999999999997,0.308,0.529,0.2,0.546,0.47100000000000003,0.5379999999999999,0.785,0.17600000000000002,0.519,0.5770000000000001,4,0,0,1,0,3,1,3,1
3995,New York,Round of 128,Outdoor Hard,grandslam,0.0,0.0,0.0,0.0,2013,2013-08-26,hard,163,77,55%,75%,48%,156,57%,287,77%,63%,48%,158,(1981.06.16),"Right-Handed, Two-Handed Backhand",637,32,0,0,79,0.41,0.35200000000000004,0.304,0.415,0.158,0.33299999999999996,0.455,0.33299999999999996,0.25,0.545,0.40399999999999997,0.455,0.39299999999999996,0.763,0.146,0.39899999999999997,0.48,1,0,0,0,1,0,0,1,231,110,58%,72%,48%,221,60%,364,49%,182,(1985.07.24),"Right-Handed, Two-Handed Backhand",956,33,0,0,47,0.43799999999999994,0.4,0.33299999999999996,0.521,0.133,0.5,0.479,0.47100000000000003,0.52,0.4,0.391,0.42700000000000005,0.442,0.782,0.185,0.433,0.455,2,0,0,1,0,1,0,2,0
3755,Paris,Round of 32,Outdoor Clay,grandslam,0.0,0.0,0.0,0.0,2003,2003-05-26,clay,62,32,53%,69%,50%,102,54%,172,73%,60%,53%,163,(1977.12.17),"Right-Handed, Two-Handed Backhand","1,065",25,0,0,31,0.491,0.53,0.401,0.51,0.21,0.364,0.451,0.39399999999999996,0.408,0.5329999999999999,0.509,0.515,0.48100000000000004,0.809,0.17600000000000002,0.48100000000000004,0.5539999999999999,4,0,0,0,0,3,3,1,30,21,52%,72%,49%,44,64%,66,57%,175,(1977.02.09),"Right-Handed, Unknown Backhand",191,17,0,0,192,0.406,0.5,0.5,0.25,0.5,0.0,0.455,0.5,0.46399999999999997,0.0,0.0,0.0,0.406,0.733,0.11800000000000001,0.391,0.444,0,0,0,0,0,0,0,0,0
14669,Cincinnati,Semi-Finals,Outdoor Hard,1000,1.0,0.0,1.0,0.0,2007,2007-08-13,hard,397,141,57%,77%,53%,249,60%,658,85%,67%,53%,183,(1979.12.28),"Right-Handed, One-Handed Backhand","1,710",24,0,0,13,0.588,0.588,0.55,0.519,0.257,0.41700000000000004,0.498,0.21100000000000002,0.46,0.525,0.631,0.574,0.593,0.833,0.265,0.579,0.667,10,0,0,0,0,10,3,7,182,155,67%,70%,50%,294,60%,589,53%,158,(1981.06.02),"Right-Handed, Two-Handed Backhand","2,825",26,0,0,4,0.594,0.621,0.5660000000000001,0.515,0.32799999999999996,0.75,0.507,0.6,0.611,0.33299999999999996,0.594,0.583,0.598,0.866,0.207,0.583,0.6729999999999999,21,0,3,10,0,8,6,15,0
26459,Bastad,Round of 32,Outdoor Clay,200,0.0,0.0,0.0,0.0,2003,2003-07-07,clay,30,101,63%,63%,47%,215,56%,282,66%,57%,49%,162,(1978.08.20),"Right-Handed, One-Handed Backhand",667,30,0,0,54,0.44799999999999995,0.345,0.43,0.51,0.102,0.6,0.522,0.5,0.516,0.292,0.34600000000000003,0.22899999999999998,0.465,0.8290000000000001,0.17,0.441,0.48200000000000004,3,0,0,3,0,0,0,3,82,69,50%,69%,49%,165,55%,249,51%,158,(1978.02.02),"Right-Handed, Two-Handed Backhand",374,26,0,0,104,0.369,0.35700000000000004,0.0,0.261,0.14300000000000002,0.0,0.45,0.4,0.46299999999999997,0.4,0.17600000000000002,0.273,0.389,0.741,0.105,0.345,0.5710000000000001,0,0,0,0,0,0,0,0,1
48780,Kitzbuhel,Round of 32,Outdoor Clay,250,0.0,1.0,0.0,0.0,2017,2017-07-31,clay,52,52,62%,65%,51%,159,54%,248,71%,60%,49%,178,(1983.02.03),"Right-Handed, One-Handed Backhand",540,30,0,0,112,0.41,0.222,0.395,0.46299999999999997,0.115,0.667,0.41,0.5,0.461,0.25,0.326,0.414,0.409,0.708,0.175,0.39899999999999997,0.447,2,0,0,2,0,0,0,2,55,25,65%,70%,55%,66,58%,134,50%,176,(1990.07.13),"Left-Handed, Two-Handed Backhand",572,24,0,0,100,0.37,0.0,0.0,0.391,0.0,0.0,0.474,0.0,0.462,0.0,0.154,0.2,0.429,0.65,0.20600000000000002,0.35600000000000004,0.444,0,0,0,0,0,0,0,0,1
47873,Winston-Salem,Round of 64,Outdoor Hard,250,0.0,0.0,0.0,0.0,2015,2015-08-23,hard,35,12,57%,76%,49%,30,63%,56,80%,65%,48%,190,(1998.01.20),"Right-Handed, Two-Handed Backhand",286,22,0,0,176,0.41100000000000003,0.385,0.45899999999999996,0.47600000000000003,0.136,0.5,0.344,0.111,0.37,0.462,0.414,0.36700000000000005,0.42100000000000004,0.706,0.16899999999999998,0.405,0.45,1,0,0,0,0,1,0,1,146,54,57%,72%,48%,117,63%,183,48%,181,(1992.01.21),"Right-Handed, Two-Handed Backhand",485,25,0,0,120,0.33799999999999997,0.2,0.5,0.48100000000000004,0.0,0.0,0.345,0.444,0.28600000000000003,0.222,0.36200000000000004,0.0,0.33799999999999997,0.529,0.175,0.349,0.273,0,0,0,0,0,0,0,0,0
21731,New Haven,Round of 64,Outdoor Hard,200,0.0,0.0,0.0,0.0,1997,1997-08-11,hard,266,97,49%,82%,51%,102,55%,261,82%,67%,50%,178,(1970.09.22),"Right-Handed, Unknown Backhand",812,34,0,0,51,0.452,0.385,0.28600000000000003,0.413,0.33299999999999996,0.667,0.431,0.35700000000000004,0.515,0.45899999999999996,0.374,0.418,0.462,0.757,0.17300000000000001,0.444,0.49200000000000005,2,0,0,2,0,0,0,2,17,66,54%,67%,44%,132,61%,154,45%,160,(1966.07.01),"Right-Handed, Unknown Backhand",75,11,0,0,408,0.462,0.5489999999999999,0.457,0.455,0.14300000000000002,0.25,0.494,0.636,0.371,0.4,0.5,0.419,0.479,0.775,0.18600000000000003,0.447,0.526,1,0,0,0,0,1,0,1,0
39209,Houston,Finals,Outdoor Clay,200,1.0,0.0,0.0,0.0,2003,2003-04-21,clay,42,27,63%,71%,55%,60,55%,141,81%,65%,58%,177,(1970.04.29),"Right-Handed, Two-Handed Backhand","3,425",19,0,0,4,0.76,0.809,0.741,0.563,0.5479999999999999,0.6629999999999999,0.643,0.551,0.727,0.735,0.789,0.6970000000000001,0.777,0.91,0.373,0.767,0.725,60,8,17,7,1,46,12,48,110,31,59%,77%,55%,65,60%,180,55%,195,(1982.08.30),"Right-Handed, Two-Handed Backhand","4,535",23,0,0,1,0.742,0.7440000000000001,0.6920000000000001,0.621,0.336,0.615,0.652,0.44799999999999995,0.636,0.7959999999999999,0.755,0.726,0.746,0.9,0.345,0.733,0.8109999999999999,32,1,5,5,5,21,7,25,0
29002,Montreal,Round of 16,Outdoor Hard,1000,1.0,0.0,1.0,0.0,2019,2019-08-05,hard,137,43,65%,68%,54%,181,67%,268,78%,63%,49%,174,(1990.05.17),"Left-Handed, Two-Handed Backhand","1,530",27,0,0,25,0.484,0.436,0.37799999999999995,0.48,0.235,0.2,0.516,0.5,0.551,0.444,0.42,0.5,0.48200000000000004,0.748,0.228,0.48700000000000004,0.452,1,0,0,1,0,0,1,0,162,62,63%,78%,59%,96,67%,380,55%,187,(1986.06.03),"Left-Handed, Two-Handed Backhand","9,985",17,0,0,1,0.8320000000000001,0.8759999999999999,0.8290000000000001,0.608,0.65,0.691,0.6890000000000001,0.647,0.9179999999999999,0.78,0.7809999999999999,0.701,0.848,0.951,0.426,0.8270000000000001,0.8740000000000001,85,19,35,59,4,22,2,83,1
29882,Tokyo,Round of 16,Outdoor Hard,200,0.0,0.0,0.0,0.0,1996,1996-04-15,hard,159,90,54%,74%,49%,148,58%,291,79%,62%,50%,180,(1973.03.09),"Right-Handed, Unknown Backhand",994,25,0,0,39,0.433,0.397,0.308,0.462,0.184,0.5,0.49200000000000005,0.474,0.25,0.565,0.396,0.489,0.402,0.7859999999999999,0.16699999999999998,0.457,0.349,3,0,0,0,2,0,1,2,323,88,57%,83%,46%,121,67%,282,52%,209,(1971.12.06),"Right-Handed, One-Handed Backhand","2,380",23,0,0,7,0.652,0.701,0.605,0.512,0.449,0.654,0.58,0.536,0.598,0.716,0.667,0.6459999999999999,0.655,0.8759999999999999,0.27399999999999997,0.649,0.667,17,1,2,1,3,7,8,9,1
40656,London,Round of 32,Outdoor Grass,250,1.0,0.0,0.0,0.0,2009,2009-06-08,grass,244,21,71%,83%,58%,36,69%,200,95%,75%,53%,195,(1982.08.30),"Right-Handed, Two-Handed Backhand","4,410",20,0,0,7,0.742,0.7440000000000001,0.6920000000000001,0.621,0.336,0.615,0.652,0.44799999999999995,0.636,0.7959999999999999,0.755,0.726,0.746,0.9,0.345,0.733,0.8109999999999999,32,1,5,5,5,21,7,25,55,18,65%,72%,56%,41,66%,91,49%,165,(1982.06.22),"Right-Handed, Two-Handed Backhand",505,19,0,0,110,0.42200000000000004,0.281,0.452,0.5539999999999999,0.19,0.0,0.5,0.375,0.434,0.37,0.42200000000000004,0.46,0.41,0.76,0.139,0.426,0.391,0,0,0,0,0,0,0,0,0
56261,Paris,Round of 128,Outdoor Clay,grandslam,0.0,0.0,0.0,0.0,2004,2004-05-24,clay,27,29,63%,65%,48%,63,52%,108,72%,59%,50%,174,(1981.12.20),"Right-Handed, Two-Handed Backhand",593,23,0,0,65,0.479,0.452,0.45799999999999996,0.507,0.265,0.0,0.473,0.429,0.42,0.474,0.494,0.547,0.452,0.772,0.204,0.47200000000000003,0.527,0,0,0,0,0,0,0,0,40,35,66%,74%,43%,47,57%,90,49%,205,(1977.07.06),"Right-Handed, One-Handed Backhand",800,26,0,0,47,0.502,0.485,0.47200000000000003,0.53,0.29600000000000004,0.25,0.447,0.41200000000000003,0.406,0.536,0.508,0.5660000000000001,0.475,0.785,0.17300000000000001,0.48700000000000004,0.607,1,0,0,0,0,1,1,0,0
